pool,rname,reflen,numreads,covbases,breadth,meandepth,meanmapq,virus
250129-BoDT-NAS,NC_002645.1,27317,4735,27293,99.9121,375.777,60.0,HCoV-229E
250129-BoDT-NAS,NC_006213.1,30741,34,9927,32.2924,2.44868,60.0,HCoV-OC43
250129-BoDT-NAS,NC_005831.2,27553,1,1957,7.10267,0.0710267,60.0,HCoV-NL63
250129-BoDT-NAS,NC_009996.1,7099,1,1330,18.735,0.18735,60.0,Rhinovirus C
250129-BoDT-NAS,NC_045512.2,29903,0,0,0.0,0.0,0.0,SARS-CoV-2
250129-BoDT-NAS,NC_038235.1,15222,0,0,0.0,0.0,0.0,RSV-A
250129-BoDT-NAS,NC_001781.1,15225,0,0,0.0,0.0,0.0,RSV-B
250129-BoDT-NAS,NC_006577.2,29926,0,0,0.0,0.0,0.0,HCoV-HKU1
250129-BoDT-NAS,NC_039199.1,13350,0,0,0.0,0.0,0.0,hMPV
250129-BoDT-NAS,NC_003461.1,15600,0,0,0.0,0.0,0.0,HPIV-1
250129-BoDT-NAS,NC_003443.1,15646,0,0,0.0,0.0,0.0,HPIV-2
250129-BoDT-NAS,NC_001796.2,15462,0,0,0.0,0.0,0.0,HPIV-3
250129-BoDT-NAS,NC_021928.1,17052,0,0,0.0,0.0,0.0,HPIV-4
250129-BoDT-NAS,NC_038311.1,7137,0,0,0.0,0.0,0.0,Rhinovirus A
250129-BoDT-NAS,NC_038312.1,7208,0,0,0.0,0.0,0.0,Rhinovirus B
250129-BoDT-NAS,NC_026431.1,982,0,0,0.0,0.0,0.0,Influenza A
250129-BoDT-NAS,NC_026432.1,863,0,0,0.0,0.0,0.0,Influenza A
250129-BoDT-NAS,NC_026433.1,1701,0,0,0.0,0.0,0.0,Influenza A
250129-BoDT-NAS,NC_026434.1,1410,0,0,0.0,0.0,0.0,Influenza A
250129-BoDT-NAS,NC_026435.1,2274,0,0,0.0,0.0,0.0,Influenza A
250129-BoDT-NAS,NC_026436.1,1497,0,0,0.0,0.0,0.0,Influenza A
250129-BoDT-NAS,NC_026437.1,2151,0,0,0.0,0.0,0.0,Influenza A
250129-BoDT-NAS,NC_026438.1,2280,0,0,0.0,0.0,0.0,Influenza A
250129-BoDT-NAS,NC_002204.1,2368,0,0,0.0,0.0,0.0,Influenza B
250129-BoDT-NAS,NC_002205.1,2313,0,0,0.0,0.0,0.0,Influenza B
250129-BoDT-NAS,NC_002206.1,2204,0,0,0.0,0.0,0.0,Influenza B
250129-BoDT-NAS,NC_002207.1,1882,0,0,0.0,0.0,0.0,Influenza B
250129-BoDT-NAS,NC_002208.1,1841,0,0,0.0,0.0,0.0,Influenza B
250129-BoDT-NAS,NC_002209.1,1557,0,0,0.0,0.0,0.0,Influenza B
250129-BoDT-NAS,NC_002210.1,1191,0,0,0.0,0.0,0.0,Influenza B
250129-BoDT-NAS,NC_002211.1,1096,0,0,0.0,0.0,0.0,Influenza B
250129-BoDT-NAS,NC_006307.2,2365,0,0,0.0,0.0,0.0,Influenza C
250129-BoDT-NAS,NC_006308.2,2363,0,0,0.0,0.0,0.0,Influenza C
250129-BoDT-NAS,NC_006309.2,2183,0,0,0.0,0.0,0.0,Influenza C
250129-BoDT-NAS,NC_006310.2,2073,0,0,0.0,0.0,0.0,Influenza C
250129-BoDT-NAS,NC_006311.1,1807,0,0,0.0,0.0,0.0,Influenza C
250129-BoDT-NAS,NC_006312.2,1180,0,0,0.0,0.0,0.0,Influenza C
250812-MBTA_Ha-NAS,NC_045512.2,29903,70,11992,40.103,3.01167,60.0,SARS-CoV-2
250812-MBTA_Ha-NAS,NC_005831.2,27553,38,6375,23.1372,1.678,60.0,HCoV-NL63
250812-MBTA_Ha-NAS,NC_038311.1,7137,1,952,13.3389,0.133389,36.0,Rhinovirus A
250812-MBTA_Ha-NAS,NC_009996.1,7099,3,1319,18.5801,0.450204,53.0,Rhinovirus C
250812-MBTA_Ha-NAS,NC_038235.1,15222,0,0,0.0,0.0,0.0,RSV-A
250812-MBTA_Ha-NAS,NC_001781.1,15225,0,0,0.0,0.0,0.0,RSV-B
250812-MBTA_Ha-NAS,NC_002645.1,27317,0,0,0.0,0.0,0.0,HCoV-229E
250812-MBTA_Ha-NAS,NC_006213.1,30741,0,0,0.0,0.0,0.0,HCoV-OC43
250812-MBTA_Ha-NAS,NC_006577.2,29926,0,0,0.0,0.0,0.0,HCoV-HKU1
250812-MBTA_Ha-NAS,NC_039199.1,13350,0,0,0.0,0.0,0.0,hMPV
250812-MBTA_Ha-NAS,NC_003461.1,15600,0,0,0.0,0.0,0.0,HPIV-1
250812-MBTA_Ha-NAS,NC_003443.1,15646,0,0,0.0,0.0,0.0,HPIV-2
250812-MBTA_Ha-NAS,NC_001796.2,15462,0,0,0.0,0.0,0.0,HPIV-3
250812-MBTA_Ha-NAS,NC_021928.1,17052,0,0,0.0,0.0,0.0,HPIV-4
250812-MBTA_Ha-NAS,NC_038312.1,7208,0,0,0.0,0.0,0.0,Rhinovirus B
250812-MBTA_Ha-NAS,NC_026431.1,982,0,0,0.0,0.0,0.0,Influenza A
250812-MBTA_Ha-NAS,NC_026432.1,863,0,0,0.0,0.0,0.0,Influenza A
250812-MBTA_Ha-NAS,NC_026433.1,1701,0,0,0.0,0.0,0.0,Influenza A
250812-MBTA_Ha-NAS,NC_026434.1,1410,0,0,0.0,0.0,0.0,Influenza A
250812-MBTA_Ha-NAS,NC_026435.1,2274,0,0,0.0,0.0,0.0,Influenza A
250812-MBTA_Ha-NAS,NC_026436.1,1497,0,0,0.0,0.0,0.0,Influenza A
250812-MBTA_Ha-NAS,NC_026437.1,2151,0,0,0.0,0.0,0.0,Influenza A
250812-MBTA_Ha-NAS,NC_026438.1,2280,0,0,0.0,0.0,0.0,Influenza A
250812-MBTA_Ha-NAS,NC_002204.1,2368,0,0,0.0,0.0,0.0,Influenza B
250812-MBTA_Ha-NAS,NC_002205.1,2313,0,0,0.0,0.0,0.0,Influenza B
250812-MBTA_Ha-NAS,NC_002206.1,2204,0,0,0.0,0.0,0.0,Influenza B
250812-MBTA_Ha-NAS,NC_002207.1,1882,0,0,0.0,0.0,0.0,Influenza B
250812-MBTA_Ha-NAS,NC_002208.1,1841,0,0,0.0,0.0,0.0,Influenza B
250812-MBTA_Ha-NAS,NC_002209.1,1557,0,0,0.0,0.0,0.0,Influenza B
250812-MBTA_Ha-NAS,NC_002210.1,1191,0,0,0.0,0.0,0.0,Influenza B
250812-MBTA_Ha-NAS,NC_002211.1,1096,0,0,0.0,0.0,0.0,Influenza B
250812-MBTA_Ha-NAS,NC_006307.2,2365,0,0,0.0,0.0,0.0,Influenza C
250812-MBTA_Ha-NAS,NC_006308.2,2363,0,0,0.0,0.0,0.0,Influenza C
250812-MBTA_Ha-NAS,NC_006309.2,2183,0,0,0.0,0.0,0.0,Influenza C
250812-MBTA_Ha-NAS,NC_006310.2,2073,0,0,0.0,0.0,0.0,Influenza C
250812-MBTA_Ha-NAS,NC_006311.1,1807,0,0,0.0,0.0,0.0,Influenza C
250812-MBTA_Ha-NAS,NC_006312.2,1180,0,0,0.0,0.0,0.0,Influenza C
251217-BoDT-NAS-P1,NC_038235.1,15222,11634,14969,98.3379,2532.65,60.0,RSV-A
251217-BoDT-NAS-P1,NC_002645.1,27317,44,24652,90.2442,4.76099,60.0,HCoV-229E
251217-BoDT-NAS-P1,NC_038311.1,7137,2862,6839,95.8246,1464.97,55.3,Rhinovirus A
251217-BoDT-NAS-P1,NC_038312.1,7208,2302,6345,88.0272,1145.03,58.6,Rhinovirus B
251217-BoDT-NAS-P1,NC_009996.1,7099,13,2918,41.1044,4.25891,25.4,Rhinovirus C
251217-BoDT-NAS-P1,NC_045512.2,29903,0,0,0.0,0.0,0.0,SARS-CoV-2
251217-BoDT-NAS-P1,NC_001781.1,15225,0,0,0.0,0.0,0.0,RSV-B
251217-BoDT-NAS-P1,NC_006213.1,30741,0,0,0.0,0.0,0.0,HCoV-OC43
251217-BoDT-NAS-P1,NC_005831.2,27553,0,0,0.0,0.0,0.0,HCoV-NL63
251217-BoDT-NAS-P1,NC_006577.2,29926,0,0,0.0,0.0,0.0,HCoV-HKU1
251217-BoDT-NAS-P1,NC_039199.1,13350,0,0,0.0,0.0,0.0,hMPV
251217-BoDT-NAS-P1,NC_003461.1,15600,0,0,0.0,0.0,0.0,HPIV-1
251217-BoDT-NAS-P1,NC_003443.1,15646,0,0,0.0,0.0,0.0,HPIV-2
251217-BoDT-NAS-P1,NC_001796.2,15462,0,0,0.0,0.0,0.0,HPIV-3
251217-BoDT-NAS-P1,NC_021928.1,17052,0,0,0.0,0.0,0.0,HPIV-4
251217-BoDT-NAS-P1,NC_026431.1,982,0,0,0.0,0.0,0.0,Influenza A
251217-BoDT-NAS-P1,NC_026432.1,863,0,0,0.0,0.0,0.0,Influenza A
251217-BoDT-NAS-P1,NC_026433.1,1701,0,0,0.0,0.0,0.0,Influenza A
251217-BoDT-NAS-P1,NC_026434.1,1410,0,0,0.0,0.0,0.0,Influenza A
251217-BoDT-NAS-P1,NC_026435.1,2274,0,0,0.0,0.0,0.0,Influenza A
251217-BoDT-NAS-P1,NC_026436.1,1497,0,0,0.0,0.0,0.0,Influenza A
251217-BoDT-NAS-P1,NC_026437.1,2151,0,0,0.0,0.0,0.0,Influenza A
251217-BoDT-NAS-P1,NC_026438.1,2280,0,0,0.0,0.0,0.0,Influenza A
251217-BoDT-NAS-P1,NC_002204.1,2368,0,0,0.0,0.0,0.0,Influenza B
251217-BoDT-NAS-P1,NC_002205.1,2313,0,0,0.0,0.0,0.0,Influenza B
251217-BoDT-NAS-P1,NC_002206.1,2204,0,0,0.0,0.0,0.0,Influenza B
251217-BoDT-NAS-P1,NC_002207.1,1882,0,0,0.0,0.0,0.0,Influenza B
251217-BoDT-NAS-P1,NC_002208.1,1841,0,0,0.0,0.0,0.0,Influenza B
251217-BoDT-NAS-P1,NC_002209.1,1557,0,0,0.0,0.0,0.0,Influenza B
251217-BoDT-NAS-P1,NC_002210.1,1191,0,0,0.0,0.0,0.0,Influenza B
251217-BoDT-NAS-P1,NC_002211.1,1096,0,0,0.0,0.0,0.0,Influenza B
251217-BoDT-NAS-P1,NC_006307.2,2365,0,0,0.0,0.0,0.0,Influenza C
251217-BoDT-NAS-P1,NC_006308.2,2363,0,0,0.0,0.0,0.0,Influenza C
251217-BoDT-NAS-P1,NC_006309.2,2183,0,0,0.0,0.0,0.0,Influenza C
251217-BoDT-NAS-P1,NC_006310.2,2073,0,0,0.0,0.0,0.0,Influenza C
251217-BoDT-NAS-P1,NC_006311.1,1807,0,0,0.0,0.0,0.0,Influenza C
251217-BoDT-NAS-P1,NC_006312.2,1180,0,0,0.0,0.0,0.0,Influenza C
251219-MBTA_Ha-NAS-P1,NC_002645.1,27317,801,21037,77.0107,86.7901,60.0,HCoV-229E
251219-MBTA_Ha-NAS-P1,NC_006577.2,29926,1,2683,8.96545,0.0896545,60.0,HCoV-HKU1
251219-MBTA_Ha-NAS-P1,NC_038311.1,7137,45776,7115,99.6917,20670.9,53.3,Rhinovirus A
251219-MBTA_Ha-NAS-P1,NC_009996.1,7099,1,2438,34.3429,0.343429,17.0,Rhinovirus C
251219-MBTA_Ha-NAS-P1,NC_026435.1,2274,1,815,35.8399,0.358399,60.0,Influenza A
251219-MBTA_Ha-NAS-P1,NC_045512.2,29903,0,0,0.0,0.0,0.0,SARS-CoV-2
251219-MBTA_Ha-NAS-P1,NC_038235.1,15222,0,0,0.0,0.0,0.0,RSV-A
251219-MBTA_Ha-NAS-P1,NC_001781.1,15225,0,0,0.0,0.0,0.0,RSV-B
251219-MBTA_Ha-NAS-P1,NC_006213.1,30741,0,0,0.0,0.0,0.0,HCoV-OC43
251219-MBTA_Ha-NAS-P1,NC_005831.2,27553,0,0,0.0,0.0,0.0,HCoV-NL63
251219-MBTA_Ha-NAS-P1,NC_039199.1,13350,0,0,0.0,0.0,0.0,hMPV
251219-MBTA_Ha-NAS-P1,NC_003461.1,15600,0,0,0.0,0.0,0.0,HPIV-1
251219-MBTA_Ha-NAS-P1,NC_003443.1,15646,0,0,0.0,0.0,0.0,HPIV-2
251219-MBTA_Ha-NAS-P1,NC_001796.2,15462,0,0,0.0,0.0,0.0,HPIV-3
251219-MBTA_Ha-NAS-P1,NC_021928.1,17052,0,0,0.0,0.0,0.0,HPIV-4
251219-MBTA_Ha-NAS-P1,NC_038312.1,7208,0,0,0.0,0.0,0.0,Rhinovirus B
251219-MBTA_Ha-NAS-P1,NC_026431.1,982,0,0,0.0,0.0,0.0,Influenza A
251219-MBTA_Ha-NAS-P1,NC_026432.1,863,0,0,0.0,0.0,0.0,Influenza A
251219-MBTA_Ha-NAS-P1,NC_026433.1,1701,0,0,0.0,0.0,0.0,Influenza A
251219-MBTA_Ha-NAS-P1,NC_026434.1,1410,0,0,0.0,0.0,0.0,Influenza A
251219-MBTA_Ha-NAS-P1,NC_026436.1,1497,0,0,0.0,0.0,0.0,Influenza A
251219-MBTA_Ha-NAS-P1,NC_026437.1,2151,0,0,0.0,0.0,0.0,Influenza A
251219-MBTA_Ha-NAS-P1,NC_026438.1,2280,0,0,0.0,0.0,0.0,Influenza A
251219-MBTA_Ha-NAS-P1,NC_002204.1,2368,0,0,0.0,0.0,0.0,Influenza B
251219-MBTA_Ha-NAS-P1,NC_002205.1,2313,0,0,0.0,0.0,0.0,Influenza B
251219-MBTA_Ha-NAS-P1,NC_002206.1,2204,0,0,0.0,0.0,0.0,Influenza B
251219-MBTA_Ha-NAS-P1,NC_002207.1,1882,0,0,0.0,0.0,0.0,Influenza B
251219-MBTA_Ha-NAS-P1,NC_002208.1,1841,0,0,0.0,0.0,0.0,Influenza B
251219-MBTA_Ha-NAS-P1,NC_002209.1,1557,0,0,0.0,0.0,0.0,Influenza B
251219-MBTA_Ha-NAS-P1,NC_002210.1,1191,0,0,0.0,0.0,0.0,Influenza B
251219-MBTA_Ha-NAS-P1,NC_002211.1,1096,0,0,0.0,0.0,0.0,Influenza B
251219-MBTA_Ha-NAS-P1,NC_006307.2,2365,0,0,0.0,0.0,0.0,Influenza C
251219-MBTA_Ha-NAS-P1,NC_006308.2,2363,0,0,0.0,0.0,0.0,Influenza C
251219-MBTA_Ha-NAS-P1,NC_006309.2,2183,0,0,0.0,0.0,0.0,Influenza C
251219-MBTA_Ha-NAS-P1,NC_006310.2,2073,0,0,0.0,0.0,0.0,Influenza C
251219-MBTA_Ha-NAS-P1,NC_006311.1,1807,0,0,0.0,0.0,0.0,Influenza C
251219-MBTA_Ha-NAS-P1,NC_006312.2,1180,0,0,0.0,0.0,0.0,Influenza C
260109-BoDT-NAS-P1,NC_045512.2,29903,771,20548,68.7155,60.1801,60.0,SARS-CoV-2
260109-BoDT-NAS-P1,NC_002645.1,27317,1,385,1.40938,0.0140938,60.0,HCoV-229E
260109-BoDT-NAS-P1,NC_038235.1,15222,0,0,0.0,0.0,0.0,RSV-A
260109-BoDT-NAS-P1,NC_001781.1,15225,0,0,0.0,0.0,0.0,RSV-B
260109-BoDT-NAS-P1,NC_006213.1,30741,0,0,0.0,0.0,0.0,HCoV-OC43
260109-BoDT-NAS-P1,NC_005831.2,27553,0,0,0.0,0.0,0.0,HCoV-NL63
260109-BoDT-NAS-P1,NC_006577.2,29926,0,0,0.0,0.0,0.0,HCoV-HKU1
260109-BoDT-NAS-P1,NC_039199.1,13350,0,0,0.0,0.0,0.0,hMPV
260109-BoDT-NAS-P1,NC_003461.1,15600,0,0,0.0,0.0,0.0,HPIV-1
260109-BoDT-NAS-P1,NC_003443.1,15646,0,0,0.0,0.0,0.0,HPIV-2
260109-BoDT-NAS-P1,NC_001796.2,15462,0,0,0.0,0.0,0.0,HPIV-3
260109-BoDT-NAS-P1,NC_021928.1,17052,0,0,0.0,0.0,0.0,HPIV-4
260109-BoDT-NAS-P1,NC_038311.1,7137,0,0,0.0,0.0,0.0,Rhinovirus A
260109-BoDT-NAS-P1,NC_038312.1,7208,0,0,0.0,0.0,0.0,Rhinovirus B
260109-BoDT-NAS-P1,NC_009996.1,7099,0,0,0.0,0.0,0.0,Rhinovirus C
260109-BoDT-NAS-P1,NC_026431.1,982,0,0,0.0,0.0,0.0,Influenza A
260109-BoDT-NAS-P1,NC_026432.1,863,0,0,0.0,0.0,0.0,Influenza A
260109-BoDT-NAS-P1,NC_026433.1,1701,0,0,0.0,0.0,0.0,Influenza A
260109-BoDT-NAS-P1,NC_026434.1,1410,0,0,0.0,0.0,0.0,Influenza A
260109-BoDT-NAS-P1,NC_026435.1,2274,0,0,0.0,0.0,0.0,Influenza A
260109-BoDT-NAS-P1,NC_026436.1,1497,0,0,0.0,0.0,0.0,Influenza A
260109-BoDT-NAS-P1,NC_026437.1,2151,0,0,0.0,0.0,0.0,Influenza A
260109-BoDT-NAS-P1,NC_026438.1,2280,0,0,0.0,0.0,0.0,Influenza A
260109-BoDT-NAS-P1,NC_002204.1,2368,0,0,0.0,0.0,0.0,Influenza B
260109-BoDT-NAS-P1,NC_002205.1,2313,0,0,0.0,0.0,0.0,Influenza B
260109-BoDT-NAS-P1,NC_002206.1,2204,0,0,0.0,0.0,0.0,Influenza B
260109-BoDT-NAS-P1,NC_002207.1,1882,0,0,0.0,0.0,0.0,Influenza B
260109-BoDT-NAS-P1,NC_002208.1,1841,0,0,0.0,0.0,0.0,Influenza B
260109-BoDT-NAS-P1,NC_002209.1,1557,0,0,0.0,0.0,0.0,Influenza B
260109-BoDT-NAS-P1,NC_002210.1,1191,0,0,0.0,0.0,0.0,Influenza B
260109-BoDT-NAS-P1,NC_002211.1,1096,0,0,0.0,0.0,0.0,Influenza B
260109-BoDT-NAS-P1,NC_006307.2,2365,0,0,0.0,0.0,0.0,Influenza C
260109-BoDT-NAS-P1,NC_006308.2,2363,0,0,0.0,0.0,0.0,Influenza C
260109-BoDT-NAS-P1,NC_006309.2,2183,0,0,0.0,0.0,0.0,Influenza C
260109-BoDT-NAS-P1,NC_006310.2,2073,0,0,0.0,0.0,0.0,Influenza C
260109-BoDT-NAS-P1,NC_006311.1,1807,0,0,0.0,0.0,0.0,Influenza C
260109-BoDT-NAS-P1,NC_006312.2,1180,0,0,0.0,0.0,0.0,Influenza C
260115-Copl-NAS-P1,NC_002645.1,27317,37,26763,97.972,3.55852,60.0,HCoV-229E
260115-Copl-NAS-P1,NC_005831.2,27553,1,2286,8.29674,0.0829674,60.0,HCoV-NL63
260115-Copl-NAS-P1,NC_006577.2,29926,6664,28802,96.2441,540.06,60.0,HCoV-HKU1
260115-Copl-NAS-P1,NC_003443.1,15646,224,5578,35.6513,35.7523,60.0,HPIV-2
260115-Copl-NAS-P1,NC_021928.1,17052,2331,16066,94.2177,333.18,59.9,HPIV-4
260115-Copl-NAS-P1,NC_038311.1,7137,92,4579,64.1586,10.8316,4.09,Rhinovirus A
260115-Copl-NAS-P1,NC_009996.1,7099,29823,6807,95.8867,9865.61,16.4,Rhinovirus C
260115-Copl-NAS-P1,NC_026435.1,2274,271,2032,89.358,187.846,60.0,Influenza A
260115-Copl-NAS-P1,NC_026437.1,2151,14902,2143,99.6281,11214.6,59.7,Influenza A
260115-Copl-NAS-P1,NC_026438.1,2280,383,2080,91.2281,298.884,58.3,Influenza A
260115-Copl-NAS-P1,NC_045512.2,29903,0,0,0.0,0.0,0.0,SARS-CoV-2
260115-Copl-NAS-P1,NC_038235.1,15222,0,0,0.0,0.0,0.0,RSV-A
260115-Copl-NAS-P1,NC_001781.1,15225,0,0,0.0,0.0,0.0,RSV-B
260115-Copl-NAS-P1,NC_006213.1,30741,0,0,0.0,0.0,0.0,HCoV-OC43
260115-Copl-NAS-P1,NC_039199.1,13350,0,0,0.0,0.0,0.0,hMPV
260115-Copl-NAS-P1,NC_003461.1,15600,0,0,0.0,0.0,0.0,HPIV-1
260115-Copl-NAS-P1,NC_001796.2,15462,0,0,0.0,0.0,0.0,HPIV-3
260115-Copl-NAS-P1,NC_038312.1,7208,0,0,0.0,0.0,0.0,Rhinovirus B
260115-Copl-NAS-P1,NC_026431.1,982,0,0,0.0,0.0,0.0,Influenza A
260115-Copl-NAS-P1,NC_026432.1,863,0,0,0.0,0.0,0.0,Influenza A
260115-Copl-NAS-P1,NC_026433.1,1701,0,0,0.0,0.0,0.0,Influenza A
260115-Copl-NAS-P1,NC_026434.1,1410,0,0,0.0,0.0,0.0,Influenza A
260115-Copl-NAS-P1,NC_026436.1,1497,0,0,0.0,0.0,0.0,Influenza A
260115-Copl-NAS-P1,NC_002204.1,2368,0,0,0.0,0.0,0.0,Influenza B
260115-Copl-NAS-P1,NC_002205.1,2313,0,0,0.0,0.0,0.0,Influenza B
260115-Copl-NAS-P1,NC_002206.1,2204,0,0,0.0,0.0,0.0,Influenza B
260115-Copl-NAS-P1,NC_002207.1,1882,0,0,0.0,0.0,0.0,Influenza B
260115-Copl-NAS-P1,NC_002208.1,1841,0,0,0.0,0.0,0.0,Influenza B
260115-Copl-NAS-P1,NC_002209.1,1557,0,0,0.0,0.0,0.0,Influenza B
260115-Copl-NAS-P1,NC_002210.1,1191,0,0,0.0,0.0,0.0,Influenza B
260115-Copl-NAS-P1,NC_002211.1,1096,0,0,0.0,0.0,0.0,Influenza B
260115-Copl-NAS-P1,NC_006307.2,2365,0,0,0.0,0.0,0.0,Influenza C
260115-Copl-NAS-P1,NC_006308.2,2363,0,0,0.0,0.0,0.0,Influenza C
260115-Copl-NAS-P1,NC_006309.2,2183,0,0,0.0,0.0,0.0,Influenza C
260115-Copl-NAS-P1,NC_006310.2,2073,0,0,0.0,0.0,0.0,Influenza C
260115-Copl-NAS-P1,NC_006311.1,1807,0,0,0.0,0.0,0.0,Influenza C
260115-Copl-NAS-P1,NC_006312.2,1180,0,0,0.0,0.0,0.0,Influenza C
260304-BC-NAS-P1,NC_045512.2,29903,42818,29758,99.5151,4673.44,60.0,SARS-CoV-2
260304-BC-NAS-P1,NC_001781.1,15225,20473,14993,98.4762,3866.73,59.9,RSV-B
260304-BC-NAS-P1,NC_002645.1,27317,55,25516,93.407,5.41443,59.7,HCoV-229E
260304-BC-NAS-P1,NC_005831.2,27553,1133,17417,63.2127,90.8256,60.0,HCoV-NL63
260304-BC-NAS-P1,NC_006577.2,29926,3611,25025,83.6229,332.382,60.0,HCoV-HKU1
260304-BC-NAS-P1,NC_038311.1,7137,64,642,8.99538,3.88006,25.1,Rhinovirus A
260304-BC-NAS-P1,NC_009996.1,7099,1452,6330,89.1675,741.448,59.2,Rhinovirus C
260304-BC-NAS-P1,NC_026437.1,2151,1,1414,65.7369,0.657369,60.0,Influenza A
260304-BC-NAS-P1,NC_038235.1,15222,0,0,0.0,0.0,0.0,RSV-A
260304-BC-NAS-P1,NC_006213.1,30741,0,0,0.0,0.0,0.0,HCoV-OC43
260304-BC-NAS-P1,NC_039199.1,13350,0,0,0.0,0.0,0.0,hMPV
260304-BC-NAS-P1,NC_003461.1,15600,0,0,0.0,0.0,0.0,HPIV-1
260304-BC-NAS-P1,NC_003443.1,15646,0,0,0.0,0.0,0.0,HPIV-2
260304-BC-NAS-P1,NC_001796.2,15462,0,0,0.0,0.0,0.0,HPIV-3
260304-BC-NAS-P1,NC_021928.1,17052,0,0,0.0,0.0,0.0,HPIV-4
260304-BC-NAS-P1,NC_038312.1,7208,0,0,0.0,0.0,0.0,Rhinovirus B
260304-BC-NAS-P1,NC_026431.1,982,0,0,0.0,0.0,0.0,Influenza A
260304-BC-NAS-P1,NC_026432.1,863,0,0,0.0,0.0,0.0,Influenza A
260304-BC-NAS-P1,NC_026433.1,1701,0,0,0.0,0.0,0.0,Influenza A
260304-BC-NAS-P1,NC_026434.1,1410,0,0,0.0,0.0,0.0,Influenza A
260304-BC-NAS-P1,NC_026435.1,2274,0,0,0.0,0.0,0.0,Influenza A
260304-BC-NAS-P1,NC_026436.1,1497,0,0,0.0,0.0,0.0,Influenza A
260304-BC-NAS-P1,NC_026438.1,2280,0,0,0.0,0.0,0.0,Influenza A
260304-BC-NAS-P1,NC_002204.1,2368,0,0,0.0,0.0,0.0,Influenza B
260304-BC-NAS-P1,NC_002205.1,2313,0,0,0.0,0.0,0.0,Influenza B
260304-BC-NAS-P1,NC_002206.1,2204,0,0,0.0,0.0,0.0,Influenza B
260304-BC-NAS-P1,NC_002207.1,1882,0,0,0.0,0.0,0.0,Influenza B
260304-BC-NAS-P1,NC_002208.1,1841,0,0,0.0,0.0,0.0,Influenza B
260304-BC-NAS-P1,NC_002209.1,1557,0,0,0.0,0.0,0.0,Influenza B
260304-BC-NAS-P1,NC_002210.1,1191,0,0,0.0,0.0,0.0,Influenza B
260304-BC-NAS-P1,NC_002211.1,1096,0,0,0.0,0.0,0.0,Influenza B
260304-BC-NAS-P1,NC_006307.2,2365,0,0,0.0,0.0,0.0,Influenza C
260304-BC-NAS-P1,NC_006308.2,2363,0,0,0.0,0.0,0.0,Influenza C
260304-BC-NAS-P1,NC_006309.2,2183,0,0,0.0,0.0,0.0,Influenza C
260304-BC-NAS-P1,NC_006310.2,2073,0,0,0.0,0.0,0.0,Influenza C
260304-BC-NAS-P1,NC_006311.1,1807,0,0,0.0,0.0,0.0,Influenza C
260304-BC-NAS-P1,NC_006312.2,1180,0,0,0.0,0.0,0.0,Influenza C
260313-MBTA_Ha-NAS-P1,NC_038235.1,15222,1,5012,32.926,0.32926,60.0,RSV-A
260313-MBTA_Ha-NAS-P1,NC_002645.1,27317,43252,26871,98.3673,4944.73,60.0,HCoV-229E
260313-MBTA_Ha-NAS-P1,NC_005831.2,27553,19,16611,60.2874,1.7626,60.0,HCoV-NL63
260313-MBTA_Ha-NAS-P1,NC_006577.2,29926,48573,29232,97.6809,4396.72,60.0,HCoV-HKU1
260313-MBTA_Ha-NAS-P1,NC_038311.1,7137,36,6356,89.057,2.75102,6.61,Rhinovirus A
260313-MBTA_Ha-NAS-P1,NC_045512.2,29903,0,0,0.0,0.0,0.0,SARS-CoV-2
260313-MBTA_Ha-NAS-P1,NC_001781.1,15225,0,0,0.0,0.0,0.0,RSV-B
260313-MBTA_Ha-NAS-P1,NC_006213.1,30741,0,0,0.0,0.0,0.0,HCoV-OC43
260313-MBTA_Ha-NAS-P1,NC_039199.1,13350,0,0,0.0,0.0,0.0,hMPV
260313-MBTA_Ha-NAS-P1,NC_003461.1,15600,0,0,0.0,0.0,0.0,HPIV-1
260313-MBTA_Ha-NAS-P1,NC_003443.1,15646,0,0,0.0,0.0,0.0,HPIV-2
260313-MBTA_Ha-NAS-P1,NC_001796.2,15462,0,0,0.0,0.0,0.0,HPIV-3
260313-MBTA_Ha-NAS-P1,NC_021928.1,17052,0,0,0.0,0.0,0.0,HPIV-4
260313-MBTA_Ha-NAS-P1,NC_038312.1,7208,0,0,0.0,0.0,0.0,Rhinovirus B
260313-MBTA_Ha-NAS-P1,NC_009996.1,7099,0,0,0.0,0.0,0.0,Rhinovirus C
260313-MBTA_Ha-NAS-P1,NC_026431.1,982,0,0,0.0,0.0,0.0,Influenza A
260313-MBTA_Ha-NAS-P1,NC_026432.1,863,0,0,0.0,0.0,0.0,Influenza A
260313-MBTA_Ha-NAS-P1,NC_026433.1,1701,0,0,0.0,0.0,0.0,Influenza A
260313-MBTA_Ha-NAS-P1,NC_026434.1,1410,0,0,0.0,0.0,0.0,Influenza A
260313-MBTA_Ha-NAS-P1,NC_026435.1,2274,0,0,0.0,0.0,0.0,Influenza A
260313-MBTA_Ha-NAS-P1,NC_026436.1,1497,0,0,0.0,0.0,0.0,Influenza A
260313-MBTA_Ha-NAS-P1,NC_026437.1,2151,0,0,0.0,0.0,0.0,Influenza A
260313-MBTA_Ha-NAS-P1,NC_026438.1,2280,0,0,0.0,0.0,0.0,Influenza A
260313-MBTA_Ha-NAS-P1,NC_002204.1,2368,0,0,0.0,0.0,0.0,Influenza B
260313-MBTA_Ha-NAS-P1,NC_002205.1,2313,0,0,0.0,0.0,0.0,Influenza B
260313-MBTA_Ha-NAS-P1,NC_002206.1,2204,0,0,0.0,0.0,0.0,Influenza B
260313-MBTA_Ha-NAS-P1,NC_002207.1,1882,0,0,0.0,0.0,0.0,Influenza B
260313-MBTA_Ha-NAS-P1,NC_002208.1,1841,0,0,0.0,0.0,0.0,Influenza B
260313-MBTA_Ha-NAS-P1,NC_002209.1,1557,0,0,0.0,0.0,0.0,Influenza B
260313-MBTA_Ha-NAS-P1,NC_002210.1,1191,0,0,0.0,0.0,0.0,Influenza B
260313-MBTA_Ha-NAS-P1,NC_002211.1,1096,0,0,0.0,0.0,0.0,Influenza B
260313-MBTA_Ha-NAS-P1,NC_006307.2,2365,0,0,0.0,0.0,0.0,Influenza C
260313-MBTA_Ha-NAS-P1,NC_006308.2,2363,0,0,0.0,0.0,0.0,Influenza C
260313-MBTA_Ha-NAS-P1,NC_006309.2,2183,0,0,0.0,0.0,0.0,Influenza C
260313-MBTA_Ha-NAS-P1,NC_006310.2,2073,0,0,0.0,0.0,0.0,Influenza C
260313-MBTA_Ha-NAS-P1,NC_006311.1,1807,0,0,0.0,0.0,0.0,Influenza C
260313-MBTA_Ha-NAS-P1,NC_006312.2,1180,0,0,0.0,0.0,0.0,Influenza C
260401-BC-NAS-P1,NC_045512.2,29903,2,4240,14.1792,0.141792,60.0,SARS-CoV-2
260401-BC-NAS-P1,NC_038235.1,15222,17,3161,20.766,0.985219,58.2,RSV-A
260401-BC-NAS-P1,NC_005831.2,27553,10,3187,11.5668,0.544587,60.0,HCoV-NL63
260401-BC-NAS-P1,NC_039199.1,13350,23122,12477,93.4607,3005.45,57.8,hMPV
260401-BC-NAS-P1,NC_038311.1,7137,1812,5354,75.0175,356.497,53.2,Rhinovirus A
260401-BC-NAS-P1,NC_009996.1,7099,7,4400,61.9806,1.83209,16.9,Rhinovirus C
260401-BC-NAS-P1,NC_001781.1,15225,0,0,0.0,0.0,0.0,RSV-B
260401-BC-NAS-P1,NC_002645.1,27317,0,0,0.0,0.0,0.0,HCoV-229E
260401-BC-NAS-P1,NC_006213.1,30741,0,0,0.0,0.0,0.0,HCoV-OC43
260401-BC-NAS-P1,NC_006577.2,29926,0,0,0.0,0.0,0.0,HCoV-HKU1
260401-BC-NAS-P1,NC_003461.1,15600,0,0,0.0,0.0,0.0,HPIV-1
260401-BC-NAS-P1,NC_003443.1,15646,0,0,0.0,0.0,0.0,HPIV-2
260401-BC-NAS-P1,NC_001796.2,15462,0,0,0.0,0.0,0.0,HPIV-3
260401-BC-NAS-P1,NC_021928.1,17052,0,0,0.0,0.0,0.0,HPIV-4
260401-BC-NAS-P1,NC_038312.1,7208,0,0,0.0,0.0,0.0,Rhinovirus B
260401-BC-NAS-P1,NC_026431.1,982,0,0,0.0,0.0,0.0,Influenza A
260401-BC-NAS-P1,NC_026432.1,863,0,0,0.0,0.0,0.0,Influenza A
260401-BC-NAS-P1,NC_026433.1,1701,0,0,0.0,0.0,0.0,Influenza A
260401-BC-NAS-P1,NC_026434.1,1410,0,0,0.0,0.0,0.0,Influenza A
260401-BC-NAS-P1,NC_026435.1,2274,0,0,0.0,0.0,0.0,Influenza A
260401-BC-NAS-P1,NC_026436.1,1497,0,0,0.0,0.0,0.0,Influenza A
260401-BC-NAS-P1,NC_026437.1,2151,0,0,0.0,0.0,0.0,Influenza A
260401-BC-NAS-P1,NC_026438.1,2280,0,0,0.0,0.0,0.0,Influenza A
260401-BC-NAS-P1,NC_002204.1,2368,0,0,0.0,0.0,0.0,Influenza B
260401-BC-NAS-P1,NC_002205.1,2313,0,0,0.0,0.0,0.0,Influenza B
260401-BC-NAS-P1,NC_002206.1,2204,0,0,0.0,0.0,0.0,Influenza B
260401-BC-NAS-P1,NC_002207.1,1882,0,0,0.0,0.0,0.0,Influenza B
260401-BC-NAS-P1,NC_002208.1,1841,0,0,0.0,0.0,0.0,Influenza B
260401-BC-NAS-P1,NC_002209.1,1557,0,0,0.0,0.0,0.0,Influenza B
260401-BC-NAS-P1,NC_002210.1,1191,0,0,0.0,0.0,0.0,Influenza B
260401-BC-NAS-P1,NC_002211.1,1096,0,0,0.0,0.0,0.0,Influenza B
260401-BC-NAS-P1,NC_006307.2,2365,0,0,0.0,0.0,0.0,Influenza C
260401-BC-NAS-P1,NC_006308.2,2363,0,0,0.0,0.0,0.0,Influenza C
260401-BC-NAS-P1,NC_006309.2,2183,0,0,0.0,0.0,0.0,Influenza C
260401-BC-NAS-P1,NC_006310.2,2073,0,0,0.0,0.0,0.0,Influenza C
260401-BC-NAS-P1,NC_006311.1,1807,0,0,0.0,0.0,0.0,Influenza C
260401-BC-NAS-P1,NC_006312.2,1180,0,0,0.0,0.0,0.0,Influenza C
260415-BC-NAS-P1,NC_045512.2,29903,538,7949,26.5826,23.5191,59.9,SARS-CoV-2
260415-BC-NAS-P1,NC_002645.1,27317,75,20010,73.2511,7.08551,60.0,HCoV-229E
260415-BC-NAS-P1,NC_006213.1,30741,4,2494,8.11294,0.318825,60.0,HCoV-OC43
260415-BC-NAS-P1,NC_005831.2,27553,1994,3999,14.5138,190.814,60.0,HCoV-NL63
260415-BC-NAS-P1,NC_038311.1,7137,24736,4988,69.8893,8967.34,52.7,Rhinovirus A
260415-BC-NAS-P1,NC_038312.1,7208,11723,1078,14.9556,1264.6,1.04,Rhinovirus B
260415-BC-NAS-P1,NC_009996.1,7099,261,2503,35.2585,73.977,55.2,Rhinovirus C
260415-BC-NAS-P1,NC_038235.1,15222,0,0,0.0,0.0,0.0,RSV-A
260415-BC-NAS-P1,NC_001781.1,15225,0,0,0.0,0.0,0.0,RSV-B
260415-BC-NAS-P1,NC_006577.2,29926,0,0,0.0,0.0,0.0,HCoV-HKU1
260415-BC-NAS-P1,NC_039199.1,13350,0,0,0.0,0.0,0.0,hMPV
260415-BC-NAS-P1,NC_003461.1,15600,0,0,0.0,0.0,0.0,HPIV-1
260415-BC-NAS-P1,NC_003443.1,15646,0,0,0.0,0.0,0.0,HPIV-2
260415-BC-NAS-P1,NC_001796.2,15462,0,0,0.0,0.0,0.0,HPIV-3
260415-BC-NAS-P1,NC_021928.1,17052,0,0,0.0,0.0,0.0,HPIV-4
260415-BC-NAS-P1,NC_026431.1,982,0,0,0.0,0.0,0.0,Influenza A
260415-BC-NAS-P1,NC_026432.1,863,0,0,0.0,0.0,0.0,Influenza A
260415-BC-NAS-P1,NC_026433.1,1701,0,0,0.0,0.0,0.0,Influenza A
260415-BC-NAS-P1,NC_026434.1,1410,0,0,0.0,0.0,0.0,Influenza A
260415-BC-NAS-P1,NC_026435.1,2274,0,0,0.0,0.0,0.0,Influenza A
260415-BC-NAS-P1,NC_026436.1,1497,0,0,0.0,0.0,0.0,Influenza A
260415-BC-NAS-P1,NC_026437.1,2151,0,0,0.0,0.0,0.0,Influenza A
260415-BC-NAS-P1,NC_026438.1,2280,0,0,0.0,0.0,0.0,Influenza A
260415-BC-NAS-P1,NC_002204.1,2368,0,0,0.0,0.0,0.0,Influenza B
260415-BC-NAS-P1,NC_002205.1,2313,0,0,0.0,0.0,0.0,Influenza B
260415-BC-NAS-P1,NC_002206.1,2204,0,0,0.0,0.0,0.0,Influenza B
260415-BC-NAS-P1,NC_002207.1,1882,0,0,0.0,0.0,0.0,Influenza B
260415-BC-NAS-P1,NC_002208.1,1841,0,0,0.0,0.0,0.0,Influenza B
260415-BC-NAS-P1,NC_002209.1,1557,0,0,0.0,0.0,0.0,Influenza B
260415-BC-NAS-P1,NC_002210.1,1191,0,0,0.0,0.0,0.0,Influenza B
260415-BC-NAS-P1,NC_002211.1,1096,0,0,0.0,0.0,0.0,Influenza B
260415-BC-NAS-P1,NC_006307.2,2365,0,0,0.0,0.0,0.0,Influenza C
260415-BC-NAS-P1,NC_006308.2,2363,0,0,0.0,0.0,0.0,Influenza C
260415-BC-NAS-P1,NC_006309.2,2183,0,0,0.0,0.0,0.0,Influenza C
260415-BC-NAS-P1,NC_006310.2,2073,0,0,0.0,0.0,0.0,Influenza C
260415-BC-NAS-P1,NC_006311.1,1807,0,0,0.0,0.0,0.0,Influenza C
260415-BC-NAS-P1,NC_006312.2,1180,0,0,0.0,0.0,0.0,Influenza C
260514-BoDT-NAS-P1,NC_038311.1,7137,86493,7116,99.7058,36604.2,46.6,Rhinovirus A
260514-BoDT-NAS-P1,NC_038312.1,7208,1,2982,41.3707,0.413707,56.0,Rhinovirus B
260514-BoDT-NAS-P1,NC_009996.1,7099,1,332,4.67672,0.0467672,10.0,Rhinovirus C
260514-BoDT-NAS-P1,NC_045512.2,29903,0,0,0.0,0.0,0.0,SARS-CoV-2
260514-BoDT-NAS-P1,NC_038235.1,15222,0,0,0.0,0.0,0.0,RSV-A
260514-BoDT-NAS-P1,NC_001781.1,15225,0,0,0.0,0.0,0.0,RSV-B
260514-BoDT-NAS-P1,NC_002645.1,27317,0,0,0.0,0.0,0.0,HCoV-229E
260514-BoDT-NAS-P1,NC_006213.1,30741,0,0,0.0,0.0,0.0,HCoV-OC43
260514-BoDT-NAS-P1,NC_005831.2,27553,0,0,0.0,0.0,0.0,HCoV-NL63
260514-BoDT-NAS-P1,NC_006577.2,29926,0,0,0.0,0.0,0.0,HCoV-HKU1
260514-BoDT-NAS-P1,NC_039199.1,13350,0,0,0.0,0.0,0.0,hMPV
260514-BoDT-NAS-P1,NC_003461.1,15600,0,0,0.0,0.0,0.0,HPIV-1
260514-BoDT-NAS-P1,NC_003443.1,15646,0,0,0.0,0.0,0.0,HPIV-2
260514-BoDT-NAS-P1,NC_001796.2,15462,0,0,0.0,0.0,0.0,HPIV-3
260514-BoDT-NAS-P1,NC_021928.1,17052,0,0,0.0,0.0,0.0,HPIV-4
260514-BoDT-NAS-P1,NC_026431.1,982,0,0,0.0,0.0,0.0,Influenza A
260514-BoDT-NAS-P1,NC_026432.1,863,0,0,0.0,0.0,0.0,Influenza A
260514-BoDT-NAS-P1,NC_026433.1,1701,0,0,0.0,0.0,0.0,Influenza A
260514-BoDT-NAS-P1,NC_026434.1,1410,0,0,0.0,0.0,0.0,Influenza A
260514-BoDT-NAS-P1,NC_026435.1,2274,0,0,0.0,0.0,0.0,Influenza A
260514-BoDT-NAS-P1,NC_026436.1,1497,0,0,0.0,0.0,0.0,Influenza A
260514-BoDT-NAS-P1,NC_026437.1,2151,0,0,0.0,0.0,0.0,Influenza A
260514-BoDT-NAS-P1,NC_026438.1,2280,0,0,0.0,0.0,0.0,Influenza A
260514-BoDT-NAS-P1,NC_002204.1,2368,0,0,0.0,0.0,0.0,Influenza B
260514-BoDT-NAS-P1,NC_002205.1,2313,0,0,0.0,0.0,0.0,Influenza B
260514-BoDT-NAS-P1,NC_002206.1,2204,0,0,0.0,0.0,0.0,Influenza B
260514-BoDT-NAS-P1,NC_002207.1,1882,0,0,0.0,0.0,0.0,Influenza B
260514-BoDT-NAS-P1,NC_002208.1,1841,0,0,0.0,0.0,0.0,Influenza B
260514-BoDT-NAS-P1,NC_002209.1,1557,0,0,0.0,0.0,0.0,Influenza B
260514-BoDT-NAS-P1,NC_002210.1,1191,0,0,0.0,0.0,0.0,Influenza B
260514-BoDT-NAS-P1,NC_002211.1,1096,0,0,0.0,0.0,0.0,Influenza B
260514-BoDT-NAS-P1,NC_006307.2,2365,0,0,0.0,0.0,0.0,Influenza C
260514-BoDT-NAS-P1,NC_006308.2,2363,0,0,0.0,0.0,0.0,Influenza C
260514-BoDT-NAS-P1,NC_006309.2,2183,0,0,0.0,0.0,0.0,Influenza C
260514-BoDT-NAS-P1,NC_006310.2,2073,0,0,0.0,0.0,0.0,Influenza C
260514-BoDT-NAS-P1,NC_006311.1,1807,0,0,0.0,0.0,0.0,Influenza C
260514-BoDT-NAS-P1,NC_006312.2,1180,0,0,0.0,0.0,0.0,Influenza C
260613-MBTA_Ha-NAS-P1,NC_006213.1,30741,1,3735,12.1499,0.121499,60.0,HCoV-OC43
260613-MBTA_Ha-NAS-P1,NC_038311.1,7137,1101,6671,93.4706,384.96,58.1,Rhinovirus A
260613-MBTA_Ha-NAS-P1,NC_038312.1,7208,19955,6949,96.4068,8925.58,54.2,Rhinovirus B
260613-MBTA_Ha-NAS-P1,NC_045512.2,29903,0,0,0.0,0.0,0.0,SARS-CoV-2
260613-MBTA_Ha-NAS-P1,NC_038235.1,15222,0,0,0.0,0.0,0.0,RSV-A
260613-MBTA_Ha-NAS-P1,NC_001781.1,15225,0,0,0.0,0.0,0.0,RSV-B
260613-MBTA_Ha-NAS-P1,NC_002645.1,27317,0,0,0.0,0.0,0.0,HCoV-229E
260613-MBTA_Ha-NAS-P1,NC_005831.2,27553,0,0,0.0,0.0,0.0,HCoV-NL63
260613-MBTA_Ha-NAS-P1,NC_006577.2,29926,0,0,0.0,0.0,0.0,HCoV-HKU1
260613-MBTA_Ha-NAS-P1,NC_039199.1,13350,0,0,0.0,0.0,0.0,hMPV
260613-MBTA_Ha-NAS-P1,NC_003461.1,15600,0,0,0.0,0.0,0.0,HPIV-1
260613-MBTA_Ha-NAS-P1,NC_003443.1,15646,0,0,0.0,0.0,0.0,HPIV-2
260613-MBTA_Ha-NAS-P1,NC_001796.2,15462,0,0,0.0,0.0,0.0,HPIV-3
260613-MBTA_Ha-NAS-P1,NC_021928.1,17052,0,0,0.0,0.0,0.0,HPIV-4
260613-MBTA_Ha-NAS-P1,NC_009996.1,7099,0,0,0.0,0.0,0.0,Rhinovirus C
260613-MBTA_Ha-NAS-P1,NC_026431.1,982,0,0,0.0,0.0,0.0,Influenza A
260613-MBTA_Ha-NAS-P1,NC_026432.1,863,0,0,0.0,0.0,0.0,Influenza A
260613-MBTA_Ha-NAS-P1,NC_026433.1,1701,0,0,0.0,0.0,0.0,Influenza A
260613-MBTA_Ha-NAS-P1,NC_026434.1,1410,0,0,0.0,0.0,0.0,Influenza A
260613-MBTA_Ha-NAS-P1,NC_026435.1,2274,0,0,0.0,0.0,0.0,Influenza A
260613-MBTA_Ha-NAS-P1,NC_026436.1,1497,0,0,0.0,0.0,0.0,Influenza A
260613-MBTA_Ha-NAS-P1,NC_026437.1,2151,0,0,0.0,0.0,0.0,Influenza A
260613-MBTA_Ha-NAS-P1,NC_026438.1,2280,0,0,0.0,0.0,0.0,Influenza A
260613-MBTA_Ha-NAS-P1,NC_002204.1,2368,0,0,0.0,0.0,0.0,Influenza B
260613-MBTA_Ha-NAS-P1,NC_002205.1,2313,0,0,0.0,0.0,0.0,Influenza B
260613-MBTA_Ha-NAS-P1,NC_002206.1,2204,0,0,0.0,0.0,0.0,Influenza B
260613-MBTA_Ha-NAS-P1,NC_002207.1,1882,0,0,0.0,0.0,0.0,Influenza B
260613-MBTA_Ha-NAS-P1,NC_002208.1,1841,0,0,0.0,0.0,0.0,Influenza B
260613-MBTA_Ha-NAS-P1,NC_002209.1,1557,0,0,0.0,0.0,0.0,Influenza B
260613-MBTA_Ha-NAS-P1,NC_002210.1,1191,0,0,0.0,0.0,0.0,Influenza B
260613-MBTA_Ha-NAS-P1,NC_002211.1,1096,0,0,0.0,0.0,0.0,Influenza B
260613-MBTA_Ha-NAS-P1,NC_006307.2,2365,0,0,0.0,0.0,0.0,Influenza C
260613-MBTA_Ha-NAS-P1,NC_006308.2,2363,0,0,0.0,0.0,0.0,Influenza C
260613-MBTA_Ha-NAS-P1,NC_006309.2,2183,0,0,0.0,0.0,0.0,Influenza C
260613-MBTA_Ha-NAS-P1,NC_006310.2,2073,0,0,0.0,0.0,0.0,Influenza C
260613-MBTA_Ha-NAS-P1,NC_006311.1,1807,0,0,0.0,0.0,0.0,Influenza C
260613-MBTA_Ha-NAS-P1,NC_006312.2,1180,0,0,0.0,0.0,0.0,Influenza C
